"Date","spy.us"
"10/03/2013","167.62"
"10/02/2013","169.18"
"10/01/2013","169.34"
"09/30/2013","168.01"
"09/27/2013","168.91"
"09/26/2013","169.69"
"09/25/2013","169.04"
"09/24/2013","169.53"
"09/23/2013","169.93"
"09/20/2013","170.72"
"09/19/2013","171.92"
"09/18/2013","172.21"
"09/17/2013","170.24"
"09/16/2013","169.48"
"09/13/2013","168.51"
"09/12/2013","168.13"
"09/11/2013","168.58"
"09/10/2013","168.05"
"09/09/2013","166.82"
"09/06/2013","165.23"
"09/05/2013","165.15"
"09/04/2013","164.95"
"09/03/2013","163.59"
"08/30/2013","162.86"
"08/29/2013","163.37"
"08/28/2013","163.11"
"08/27/2013","162.54"
"08/26/2013","165.19"
"08/23/2013","165.81"
"08/22/2013","165.25"
"08/21/2013","163.76"
"08/20/2013","164.78"
"08/19/2013","163.97"
"08/16/2013","165.03"
"08/15/2013","165.57"
"08/14/2013","167.92"
"08/13/2013","168.79"
"08/12/2013","168.29"
"08/09/2013","168.49"
"08/08/2013","168.98"
"08/07/2013","168.36"
"08/06/2013","168.91"
"08/05/2013","169.87"
"08/02/2013","170.12"
"08/01/2013","169.83"
"07/31/2013","167.89"
"07/30/2013","167.77"
"07/29/2013","167.77"
"07/26/2013","168.29"
"07/25/2013","168.11"
"07/24/2013","167.70"
"07/23/2013","168.32"
"07/22/2013","168.68"
"07/19/2013","168.35"
"07/18/2013","168.05"
"07/17/2013","167.14"
"07/16/2013","166.72"
"07/15/2013","167.34"
"07/12/2013","166.70"
"07/11/2013","166.63"
"07/10/2013","164.39"
"07/09/2013","164.33"
"07/08/2013","163.15"
"07/05/2013","162.23"
"07/03/2013","160.50"
"07/02/2013","160.43"
"07/01/2013","160.58"
"06/28/2013","159.64"
"06/27/2013","160.30"
"06/26/2013","159.36"
"06/25/2013","157.81"
"06/24/2013","156.30"
"06/21/2013","158.30"
"06/20/2013","157.79"
"06/19/2013","161.80"
"06/18/2013","164.07"
"06/17/2013","162.78"
"06/14/2013","161.53"
"06/13/2013","162.55"
"06/12/2013","160.12"
"06/11/2013","161.45"
"06/10/2013","163.14"
"06/07/2013","163.13"
"06/06/2013","161.08"
"06/05/2013","159.64"
"06/04/2013","161.91"
"06/03/2013","162.69"
"05/31/2013","161.80"
"05/30/2013","164.16"
"05/29/2013","163.55"
"05/28/2013","164.62"
"05/24/2013","163.64"
"05/23/2013","163.78"
"05/22/2013","164.26"
"05/21/2013","165.48"
"05/20/2013","165.25"
"05/17/2013","165.26"
"05/16/2013","163.67"
"05/15/2013","164.44"
"05/14/2013","163.56"
"05/13/2013","161.89"
"05/10/2013","161.76"
"05/09/2013","161.24"
"05/08/2013","161.69"
"05/07/2013","160.96"
"05/06/2013","160.15"
"05/03/2013","159.74"
"05/02/2013","158.14"
"05/01/2013","156.68"
"04/30/2013","158.07"
"04/29/2013","157.69"
"04/26/2013","156.64"
"04/25/2013","156.92"
"04/24/2013","156.29"
"04/23/2013","156.19"
"04/22/2013","154.59"
"04/19/2013","153.91"
"04/18/2013","152.58"
"04/17/2013","153.55"
"04/16/2013","155.82"
"04/15/2013","153.55"
"04/12/2013","157.20"
"04/11/2013","157.58"
"04/10/2013","157.07"
"04/09/2013","155.17"
"04/08/2013","154.63"
"04/05/2013","153.59"
"04/04/2013","154.29"
"04/03/2013","153.66"
"04/02/2013","155.24"
"04/01/2013","154.48"
"03/28/2013","155.09"
"03/27/2013","154.61"
"03/26/2013","154.61"
"03/25/2013","153.39"
"03/22/2013","154.03"
"03/21/2013","152.80"
"03/20/2013","154.12"
"03/19/2013","153.05"
"03/18/2013","153.41"
"03/15/2013","154.26"
"03/14/2013","154.47"
"03/13/2013","153.65"
"03/12/2013","153.43"
"03/11/2013","153.77"
"03/08/2013","153.19"
"03/07/2013","152.54"
"03/06/2013","152.27"
"03/05/2013","152.06"
"03/04/2013","150.71"
"03/01/2013","149.91"
"02/28/2013","149.42"
"02/27/2013","149.71"
"02/26/2013","147.85"
"02/25/2013","146.84"
"02/22/2013","149.69"
"02/21/2013","148.24"
"02/20/2013","149.15"
"02/19/2013","151.03"
"02/15/2013","149.91"
"02/14/2013","150.09"
"02/13/2013","149.95"
"02/12/2013","149.82"
"02/11/2013","149.57"
"02/08/2013","149.60"
"02/07/2013","148.78"
"02/06/2013","148.97"
"02/05/2013","148.86"
"02/04/2013","147.38"
"02/01/2013","149.05"
"01/31/2013","147.54"
"01/30/2013","147.90"
"01/29/2013","148.48"
"01/28/2013","147.90"
"01/25/2013","148.08"
"01/24/2013","147.25"
"01/23/2013","147.21"
"01/22/2013","146.97"
"01/18/2013","146.18"
"01/17/2013","145.86"
"01/16/2013","144.92"
"01/15/2013","144.94"
"01/14/2013","144.84"
"01/11/2013","144.94"
"01/10/2013","144.95"
"01/09/2013","143.81"
"01/08/2013","143.44"
"01/07/2013","143.86"
"01/04/2013","144.25"
"01/03/2013","143.62"
"01/02/2013","143.95"
"12/31/2012","140.35"
"12/28/2012","138.00"
"12/27/2012","139.51"
"12/26/2012","139.70"
"12/24/2012","140.29"
"12/21/2012","140.72"
"12/20/2012","143.02"
"12/19/2012","142.20"
"12/18/2012","143.27"
"12/17/2012","141.69"
"12/14/2012","140.05"
"12/13/2012","140.57"
"12/12/2012","141.43"
"12/11/2012","141.36"
"12/10/2012","140.41"
"12/07/2012","140.36"
"12/06/2012","139.93"
"12/05/2012","139.45"
"12/04/2012","139.21"
"12/03/2012","139.40"
"11/30/2012","140.10"
"11/29/2012","140.06"
"11/28/2012","139.41"
"11/27/2012","138.30"
"11/26/2012","139.01"
"11/23/2012","139.30"
"11/21/2012","137.43"
"11/20/2012","137.18"
"11/19/2012","137.12"
"11/16/2012","134.40"
"11/15/2012","133.74"
"11/14/2012","133.96"
"11/13/2012","135.80"
"11/12/2012","136.27"
"11/09/2012","136.16"
"11/08/2012","136.04"
"11/07/2012","137.70"
"11/06/2012","140.89"
"11/05/2012","139.80"
"11/02/2012","139.51"
"11/01/2012","140.76"
"10/31/2012","139.30"
"10/26/2012","139.30"
"10/25/2012","139.38"
"10/24/2012","138.98"
"10/23/2012","139.37"
"10/22/2012","141.33"
"10/19/2012","141.32"
"10/18/2012","143.71"
"10/17/2012","144.08"
"10/16/2012","143.43"
"10/15/2012","142.00"
"10/12/2012","140.82"
"10/11/2012","141.29"
"10/10/2012","141.21"
"10/09/2012","142.11"
"10/08/2012","143.53"
"10/05/2012","144.03"
"10/04/2012","144.02"
"10/03/2012","142.99"
"10/02/2012","142.41"
"10/01/2012","142.26"
"09/28/2012","141.88"
"09/27/2012","142.55"
"09/26/2012","141.23"
"09/25/2012","142.01"
"09/24/2012","143.54"
"09/21/2012","143.76"
"09/20/2012","143.82"
"09/19/2012","143.81"
"09/18/2012","143.73"
"09/17/2012","143.85"
"09/14/2012","144.34"
"09/13/2012","143.70"
"09/12/2012","141.54"
"09/11/2012","141.07"
"09/10/2012","140.68"
"09/07/2012","141.48"
"09/06/2012","140.94"
"09/05/2012","138.13"
"09/04/2012","138.25"
"08/31/2012","138.38"
"08/30/2012","137.72"
"08/29/2012","138.72"
"08/28/2012","138.61"
"08/27/2012","138.75"
"08/24/2012","138.72"
"08/23/2012","137.90"
"08/22/2012","139.03"
"08/21/2012","138.97"
"08/20/2012","139.39"
"08/17/2012","139.38"
"08/16/2012","139.19"
"08/15/2012","138.17"
"08/14/2012","138.02"
"08/13/2012","138.00"
"08/10/2012","138.06"
"08/09/2012","137.84"
"08/08/2012","137.72"
"08/07/2012","137.55"
"08/06/2012","136.87"
"08/03/2012","136.60"
"08/02/2012","133.95"
"08/01/2012","134.88"
"07/31/2012","135.00"
"07/30/2012","135.95"
"07/27/2012","135.95"
"07/26/2012","133.49"
"07/25/2012","131.32"
"07/24/2012","131.29"
"07/23/2012","132.43"
"07/20/2012","133.78"
"07/19/2012","135.02"
"07/18/2012","134.66"
"07/17/2012","133.67"
"07/16/2012","132.76"
"07/13/2012","133.07"
"07/12/2012","130.88"
"07/11/2012","131.52"
"07/10/2012","131.50"
"07/09/2012","132.65"
"07/06/2012","132.82"
"07/05/2012","134.09"
"07/03/2012","134.70"
"07/02/2012","133.82"
"06/29/2012","133.43"
"06/28/2012","130.17"
"06/27/2012","130.55"
"06/26/2012","129.38"
"06/25/2012","128.73"
"06/22/2012","130.83"
"06/21/2012","129.83"
"06/20/2012","132.81"
"06/19/2012","133.03"
"06/18/2012","131.75"
"06/15/2012","131.50"
"06/14/2012","130.17"
"06/13/2012","128.80"
"06/12/2012","129.62"
"06/11/2012","128.17"
"06/08/2012","129.80"
"06/07/2012","128.78"
"06/06/2012","128.70"
"06/05/2012","125.87"
"06/04/2012","124.93"
"06/01/2012","124.99"
"05/31/2012","128.22"
"05/30/2012","128.50"
"05/29/2012","130.39"
"05/25/2012","128.83"
"05/24/2012","129.25"
"05/23/2012","128.99"
"05/22/2012","128.93"
"05/21/2012","128.70"
"05/18/2012","126.53"
"05/17/2012","127.62"
"05/16/2012","129.54"
"05/15/2012","130.04"
"05/14/2012","130.79"
"05/11/2012","132.25"
"05/10/2012","132.65"
"05/09/2012","132.38"
"05/08/2012","133.17"
"05/07/2012","133.71"
"05/04/2012","133.61"
"05/03/2012","135.80"
"05/02/2012","136.86"
"05/01/2012","137.26"
"04/30/2012","136.41"
"04/27/2012","136.91"
"04/26/2012","136.69"
"04/25/2012","135.74"
"04/24/2012","133.91"
"04/23/2012","133.40"
"04/20/2012","134.53"
"04/19/2012","134.31"
"04/18/2012","135.18"
"04/17/2012","135.64"
"04/16/2012","133.66"
"04/13/2012","133.74"
"04/12/2012","135.35"
"04/11/2012","133.61"
"04/10/2012","132.53"
"04/09/2012","134.80"
"04/05/2012","136.36"
"04/04/2012","136.40"
"04/03/2012","137.76"
"04/02/2012","138.33"
"03/30/2012","137.32"
"03/29/2012","136.76"
"03/28/2012","136.99"
"03/27/2012","137.67"
"03/26/2012","138.10"
"03/23/2012","136.19"
"03/22/2012","135.75"
"03/21/2012","136.74"
"03/20/2012","136.96"
"03/19/2012","137.36"
"03/16/2012","136.83"
"03/15/2012","136.64"
"03/14/2012","135.85"
"03/13/2012","136.00"
"03/12/2012","133.59"
"03/09/2012","133.58"
"03/08/2012","133.06"
"03/07/2012","131.75"
"03/06/2012","130.84"
"03/05/2012","132.78"
"03/02/2012","133.32"
"03/01/2012","133.73"
"02/29/2012","133.05"
"02/28/2012","133.57"
"02/27/2012","133.18"
"02/24/2012","132.96"
"02/23/2012","132.67"
"02/22/2012","132.08"
"02/21/2012","132.51"
"02/17/2012","132.45"
"02/16/2012","132.10"
"02/15/2012","130.66"
"02/14/2012","131.27"
"02/13/2012","131.43"
"02/10/2012","130.46"
"02/09/2012","131.43"
"02/08/2012","131.27"
"02/07/2012","130.88"
"02/06/2012","130.55"
"02/03/2012","130.64"
"02/02/2012","128.83"
"02/01/2012","128.63"
"01/31/2012","127.51"
"01/30/2012","127.56"
"01/27/2012","128.00"
"01/26/2012","128.05"
"01/25/2012","128.71"
"01/24/2012","127.65"
"01/23/2012","127.79"
"01/20/2012","127.72"
"01/19/2012","127.65"
"01/18/2012","126.98"
"01/17/2012","125.59"
"01/13/2012","125.10"
"01/12/2012","125.75"
"01/11/2012","125.45"
"01/10/2012","125.38"
"01/09/2012","124.31"
"01/06/2012","124.00"
"01/05/2012","124.32"
"01/04/2012","123.99"
"01/03/2012","123.80"
"12/30/2011","121.86"
"12/29/2011","122.46"
"12/28/2011","121.21"
"12/27/2011","122.82"
"12/23/2011","122.72"
"12/22/2011","121.64"
"12/21/2011","120.57"
"12/20/2011","120.33"
"12/19/2011","116.80"
"12/16/2011","118.06"
"12/15/2011","117.90"
"12/14/2011","117.46"
"12/13/2011","118.72"
"12/12/2011","119.85"
"12/09/2011","121.63"
"12/08/2011","119.60"
"12/07/2011","122.28"
"12/06/2011","121.82"
"12/05/2011","121.79"
"12/02/2011","120.47"
"12/01/2011","120.58"
"11/30/2011","120.60"
"11/29/2011","115.83"
"11/28/2011","115.50"
"11/25/2011","112.25"
"11/23/2011","112.46"
"11/22/2011","115.00"
"11/21/2011","115.46"
"11/18/2011","117.69"
"11/17/2011","117.82"
"11/16/2011","119.72"
"11/15/2011","121.65"
"11/14/2011","121.05"
"11/11/2011","122.21"
"11/10/2011","119.95"
"11/09/2011","118.83"
"11/08/2011","123.39"
"11/07/2011","121.82"
"11/04/2011","121.07"
"11/03/2011","121.81"
"11/02/2011","119.63"
"11/01/2011","117.71"
"10/31/2011","121.09"
"10/28/2011","124.08"
"10/27/2011","124.11"
"10/26/2011","119.93"
"10/25/2011","118.73"
"10/24/2011","121.08"
"10/21/2011","119.61"
"10/20/2011","117.39"
"10/19/2011","116.87"
"10/18/2011","118.27"
"10/17/2011","116.01"
"10/14/2011","118.26"
"10/13/2011","116.28"
"10/12/2011","116.51"
"10/11/2011","115.49"
"10/10/2011","115.38"
"10/07/2011","111.64"
"10/06/2011","112.40"
"10/05/2011","110.40"
"10/04/2011","108.39"
"10/03/2011","106.07"
"09/30/2011","109.18"
"09/29/2011","111.97"
"09/28/2011","111.10"
"09/27/2011","113.41"
"09/26/2011","112.16"
"09/23/2011","109.55"
"09/22/2011","108.89"
"09/21/2011","112.53"
"09/20/2011","115.95"
"09/19/2011","116.08"
"09/16/2011","117.25"
"09/15/2011","116.56"
"09/14/2011","114.59"
"09/13/2011","113.01"
"09/12/2011","111.99"
"09/09/2011","111.27"
"09/08/2011","114.27"
"09/07/2011","115.47"
"09/06/2011","112.30"
"09/02/2011","113.12"
"09/01/2011","116.09"
"08/31/2011","117.31"
"08/30/2011","116.80"
"08/29/2011","116.49"
"08/26/2011","113.24"
"08/25/2011","111.62"
"08/24/2011","113.34"
"08/23/2011","111.77"
"08/22/2011","108.21"
"08/19/2011","108.12"
"08/18/2011","109.92"
"08/17/2011","114.87"
"08/16/2011","114.79"
"08/15/2011","115.78"
"08/12/2011","113.38"
"08/11/2011","112.62"
"08/10/2011","107.79"
"08/09/2011","112.77"
"08/08/2011","107.76"
"08/05/2011","115.26"
"08/04/2011","115.44"
"08/03/2011","121.11"
"08/02/2011","120.45"
"08/01/2011","123.62"
"07/29/2011","124.14"
"07/28/2011","125.00"
"07/27/2011","125.36"
"07/26/2011","127.98"
"07/25/2011","128.46"
"07/22/2011","129.18"
"07/21/2011","129.10"
"07/20/2011","127.33"
"07/19/2011","127.41"
"07/18/2011","125.37"
"07/15/2011","126.41"
"07/14/2011","125.68"
"07/13/2011","126.55"
"07/12/2011","126.13"
"07/11/2011","126.68"
"07/08/2011","129.01"
"07/07/2011","129.93"
"07/06/2011","128.60"
"07/05/2011","128.44"
"07/01/2011","128.55"
"06/30/2011","126.67"
"06/29/2011","125.48"
"06/28/2011","124.41"
"06/27/2011","122.81"
"06/24/2011","121.72"
"06/23/2011","123.16"
"06/22/2011","123.51"
"06/21/2011","124.26"
"06/20/2011","122.58"
"06/17/2011","121.96"
"06/16/2011","121.59"
"06/15/2011","121.32"
"06/14/2011","123.52"
"06/13/2011","121.97"
"06/10/2011","121.88"
"06/09/2011","123.60"
"06/08/2011","122.67"
"06/07/2011","123.17"
"06/06/2011","123.26"
"06/03/2011","124.57"
"06/02/2011","125.82"
"06/01/2011","125.96"
"05/31/2011","128.85"
"05/27/2011","127.52"
"05/26/2011","127.04"
"05/25/2011","126.45"
"05/24/2011","126.03"
"05/23/2011","126.14"
"05/20/2011","127.62"
"05/19/2011","128.64"
"05/18/2011","128.34"
"05/17/2011","127.20"
"05/16/2011","127.22"
"05/13/2011","128.03"
"05/12/2011","129.02"
"05/11/2011","128.41"
"05/10/2011","129.78"
"05/09/2011","128.68"
"05/06/2011","128.18"
"05/05/2011","127.62"
"05/04/2011","128.79"
"05/03/2011","129.64"
"05/02/2011","130.11"
"04/29/2011","130.32"
"04/28/2011","130.01"
"04/27/2011","129.59"
"04/26/2011","128.75"
"04/25/2011","127.65"
"04/21/2011","127.78"
"04/20/2011","127.13"
"04/19/2011","125.42"
"04/18/2011","124.71"
"04/15/2011","126.12"
"04/14/2011","125.66"
"04/13/2011","125.57"
"04/12/2011","125.58"
"04/11/2011","126.52"
"04/08/2011","126.90"
"04/07/2011","127.34"
"04/06/2011","127.67"
"04/05/2011","127.27"
"04/04/2011","127.29"
"04/01/2011","127.18"
"03/31/2011","126.65"
"03/30/2011","126.82"
"03/29/2011","125.95"
"03/28/2011","125.11"
"03/25/2011","125.41"
"03/24/2011","125.03"
"03/23/2011","123.85"
"03/22/2011","123.49"
"03/21/2011","123.92"
"03/18/2011","122.03"
"03/17/2011","121.59"
"03/16/2011","120.00"
"03/15/2011","122.27"
"03/14/2011","123.68"
"03/11/2011","124.44"
"03/10/2011","123.58"
"03/09/2011","125.91"
"03/08/2011","126.09"
"03/07/2011","125.00"
"03/04/2011","125.99"
"03/03/2011","126.94"
"03/02/2011","124.79"
"03/01/2011","124.52"
"02/28/2011","126.63"
"02/25/2011","125.85"
"02/24/2011","124.52"
"02/23/2011","124.61"
"02/22/2011","125.38"
"02/18/2011","127.95"
"02/16/2011","127.30"
"02/15/2011","126.50"
"02/14/2011","126.90"
"02/11/2011","126.60"
"02/10/2011","125.84"
"02/09/2011","125.80"
"02/08/2011","126.08"
"02/07/2011","125.51"
"02/04/2011","124.73"
"02/03/2011","124.38"
"02/02/2011","124.10"
"02/01/2011","124.34"
"01/31/2011","122.38"
"01/28/2011","121.47"
"01/27/2011","123.63"
"01/26/2011","123.32"
"01/25/2011","122.85"
"01/24/2011","122.78"
"01/21/2011","122.09"
"01/20/2011","121.81"
"01/19/2011","121.97"
"01/18/2011","123.18"
"01/14/2011","122.97"
"01/13/2011","122.09"
"01/12/2011","122.29"
"01/11/2011","121.19"
"01/10/2011","120.77"
"01/07/2011","120.92"
"01/06/2011","121.16"
"01/05/2011","121.39"
"01/04/2011","120.77"
"01/03/2011","120.83"
"12/31/2010","119.60"
"12/30/2010","119.56"
"12/29/2010","119.76"
"12/28/2010","119.67"
"12/27/2010","119.50"
"12/23/2010","119.45"
"12/22/2010","119.62"
"12/21/2010","119.25"
"12/20/2010","118.50"
"12/17/2010","118.22"
"12/16/2010","118.71"
"12/15/2010","118.03"
"12/14/2010","118.57"
"12/13/2010","118.46"
"12/10/2010","118.39"
"12/09/2010","117.70"
"12/08/2010","117.25"
"12/07/2010","116.82"
"12/06/2010","116.75"
"12/03/2010","116.88"
"12/02/2010","116.56"
"12/01/2010","115.09"
"11/30/2010","112.69"
"11/29/2010","113.33"
"11/26/2010","112.99"
"11/24/2010","114.32"
"11/23/2010","112.65"
"11/22/2010","114.31"
"11/19/2010","114.40"
"11/18/2010","114.09"
"11/17/2010","112.43"
"11/16/2010","112.38"
"11/15/2010","114.16"
"11/12/2010","114.32"
"11/11/2010","115.69"
"11/10/2010","116.12"
"11/09/2010","115.66"
"11/08/2010","116.50"
"11/05/2010","116.72"
"11/04/2010","116.28"
"11/03/2010","114.08"
"11/02/2010","113.63"
"11/01/2010","112.73"
"10/29/2010","112.69"
"10/28/2010","112.61"
"10/27/2010","112.59"
"10/26/2010","112.91"
"10/25/2010","112.89"
"10/22/2010","112.56"
"10/21/2010","112.35"
"10/20/2010","112.10"
"10/19/2010","111.02"
"10/18/2010","112.74"
"10/15/2010","111.94"
"10/14/2010","111.71"
"10/13/2010","112.15"
"10/12/2010","111.28"
"10/11/2010","110.94"
"10/08/2010","110.84"
"10/07/2010","110.22"
"10/06/2010","110.35"
"10/05/2010","110.36"
"10/04/2010","108.18"
"10/01/2010","109.00"
"09/30/2010","108.55"
"09/29/2010","108.87"
"09/28/2010","109.06"
"09/27/2010","108.68"
"09/24/2010","109.20"
"09/23/2010","106.99"
"09/22/2010","107.87"
"09/21/2010","108.40"
"09/20/2010","108.62"
"09/17/2010","106.98"
"09/16/2010","107.52"
"09/15/2010","107.55"
"09/14/2010","107.14"
"09/13/2010","107.20"
"09/10/2010","106.02"
"09/09/2010","105.49"
"09/08/2010","105.01"
"09/07/2010","104.27"
"09/03/2010","105.46"
"09/02/2010","104.11"
"09/01/2010","103.15"
"08/31/2010","100.16"
"08/30/2010","100.16"
"08/27/2010","101.63"
"08/26/2010","100.08"
"08/25/2010","100.75"
"08/24/2010","100.37"
"08/23/2010","101.88"
"08/20/2010","102.27"
"08/19/2010","102.60"
"08/18/2010","104.42"
"08/17/2010","104.23"
"08/16/2010","102.96"
"08/13/2010","103.01"
"08/12/2010","103.31"
"08/11/2010","103.95"
"08/10/2010","106.88"
"08/09/2010","107.46"
"08/06/2010","106.89"
"08/05/2010","107.33"
"08/04/2010","107.44"
"08/03/2010","106.73"
"08/02/2010","107.24"
"07/30/2010","104.87"
"07/29/2010","104.89"
"07/28/2010","105.41"
"07/27/2010","106.09"
"07/26/2010","106.10"
"07/23/2010","105.01"
"07/22/2010","104.10"
"07/21/2010","101.83"
"07/20/2010","103.17"
"07/19/2010","102.04"
"07/16/2010","101.44"
"07/15/2010","104.31"
"07/14/2010","104.28"
"07/13/2010","104.29"
"07/12/2010","102.74"
"07/09/2010","102.68"
"07/08/2010","101.92"
"07/07/2010","100.92"
"07/06/2010","97.84"
"07/02/2010","97.20"
"07/01/2010","97.73"
"06/30/2010","98.17"
"06/29/2010","99.11"
"06/28/2010","102.27"
"06/25/2010","102.59"
"06/24/2010","102.16"
"06/23/2010","103.88"
"06/22/2010","104.21"
"06/21/2010","105.96"
"06/18/2010","106.26"
"06/17/2010","106.65"
"06/16/2010","106.48"
"06/15/2010","106.52"
"06/14/2010","104.15"
"06/11/2010","104.31"
"06/10/2010","103.81"
"06/09/2010","100.86"
"06/08/2010","101.40"
"06/07/2010","100.33"
"06/04/2010","101.59"
"06/03/2010","105.29"
"06/02/2010","104.93"
"06/01/2010","102.27"
"05/28/2010","104.02"
"05/27/2010","105.34"
"05/26/2010","101.92"
"05/25/2010","102.54"
"05/24/2010","102.44"
"05/21/2010","103.77"
"05/20/2010","102.28"
"05/19/2010","106.29"
"05/18/2010","106.90"
"05/17/2010","108.37"
"05/14/2010","108.32"
"05/13/2010","110.31"
"05/12/2010","111.70"
"05/11/2010","110.16"
"05/10/2010","110.47"
"05/07/2010","105.81"
"05/06/2010","107.41"
"05/05/2010","111.10"
"05/04/2010","111.77"
"05/03/2010","114.46"
"04/30/2010","112.99"
"04/29/2010","114.94"
"04/28/2010","113.54"
"04/27/2010","112.68"
"04/26/2010","115.41"
"04/23/2010","115.85"
"04/22/2010","115.10"
"04/21/2010","114.75"
"04/20/2010","114.96"
"04/19/2010","113.95"
"04/16/2010","113.52"
"04/15/2010","115.35"
"04/14/2010","115.26"
"04/13/2010","113.97"
"04/12/2010","113.88"
"04/09/2010","113.70"
"04/08/2010","112.96"
"04/07/2010","112.57"
"04/06/2010","113.21"
"04/05/2010","112.95"
"04/01/2010","112.03"
"03/31/2010","111.27"
"03/30/2010","111.65"
"03/29/2010","111.58"
"03/26/2010","110.87"
"03/25/2010","110.94"
"03/24/2010","111.12"
"03/23/2010","111.66"
"03/22/2010","110.88"
"03/19/2010","110.29"
"03/18/2010","111.31"
"03/17/2010","111.37"
"03/16/2010","110.71"
"03/15/2010","109.84"
"03/12/2010","109.81"
"03/11/2010","109.80"
"03/10/2010","109.34"
"03/09/2010","108.86"
"03/08/2010","108.68"
"03/05/2010","108.66"
"03/04/2010","107.13"
"03/03/2010","106.80"
"03/02/2010","106.71"
"03/01/2010","106.41"
"02/26/2010","105.32"
"02/25/2010","105.25"
"02/24/2010","105.40"
"02/23/2010","104.44"
"02/22/2010","105.72"
"02/19/2010","105.70"
"02/18/2010","105.48"
"02/17/2010","104.86"
"02/16/2010","104.37"
"02/12/2010","102.75"
"02/11/2010","102.84"
"02/10/2010","101.77"
"02/09/2010","101.97"
"02/08/2010","100.71"
"02/05/2010","101.44"
"02/04/2010","101.23"
"02/03/2010","104.45"
"02/02/2010","104.98"
"02/01/2010","103.72"
"01/29/2010","102.13"
"01/28/2010","103.26"
"01/27/2010","104.45"
"01/26/2010","103.96"
"01/25/2010","104.40"
"01/22/2010","103.86"
"01/21/2010","106.23"
"01/20/2010","108.32"
"01/19/2010","109.43"
"01/15/2010","108.08"
"01/14/2010","109.30"
"01/13/2010","109.01"
"01/12/2010","108.10"
"01/11/2010","109.11"
"01/08/2010","108.96"
"01/07/2010","108.60"
"01/06/2010","108.14"
"01/05/2010","108.07"
"01/04/2010","107.78"
"12/31/2009","105.99"
"12/30/2009","107.01"
"12/29/2009","107.05"
"12/28/2009","107.20"
"12/24/2009","106.97"
"12/23/2009","106.47"
"12/22/2009","106.26"
"12/21/2009","105.88"
"12/18/2009","104.82"
"12/17/2009","104.79"
"12/16/2009","106.06"
"12/15/2009","105.90"
"12/14/2009","106.39"
"12/11/2009","105.67"
"12/10/2009","105.22"
"12/09/2009","104.64"
"12/08/2009","104.25"
"12/07/2009","105.42"
"12/04/2009","105.58"
"12/03/2009","104.98"
"12/02/2009","105.81"
"12/01/2009","105.85"
"11/30/2009","104.56"
"11/27/2009","104.21"
"11/25/2009","105.93"
"11/24/2009","105.56"
"11/23/2009","105.40"
"11/20/2009","104.07"
"11/19/2009","104.45"
"11/18/2009","105.82"
"11/17/2009","105.89"
"11/16/2009","105.77"
"11/13/2009","104.25"
"11/12/2009","103.69"
"11/11/2009","104.76"
"11/10/2009","104.23"
"11/09/2009","104.21"
"11/06/2009","101.89"
"11/05/2009","101.62"
"11/04/2009","99.78"
"11/03/2009","99.53"
"11/02/2009","99.21"
"10/30/2009","98.49"
"10/29/2009","101.43"
"10/28/2009","99.30"
"10/27/2009","101.21"
"10/26/2009","101.68"
"10/23/2009","102.79"
"10/22/2009","103.98"
"10/21/2009","102.93"
"10/20/2009","103.86"
"10/19/2009","104.42"
"10/16/2009","103.56"
"10/15/2009","104.34"
"10/14/2009","103.96"
"10/13/2009","102.20"
"10/12/2009","102.41"
"10/09/2009","102.01"
"10/08/2009","101.39"
"10/07/2009","100.62"
"10/06/2009","100.35"
"10/05/2009","98.93"
"10/02/2009","97.47"
"10/01/2009","97.96"
"09/30/2009","100.42"
"09/29/2009","100.81"
"09/28/2009","101.12"
"09/25/2009","99.34"
"09/24/2009","99.87"
"09/23/2009","100.98"
"09/22/2009","101.83"
"09/21/2009","101.24"
"09/18/2009","101.50"
"09/17/2009","101.92"
"09/16/2009","102.07"
"09/15/2009","100.55"
"09/14/2009","100.13"
"09/11/2009","99.64"
"09/10/2009","99.66"
"09/09/2009","98.65"
"09/08/2009","97.90"
"09/04/2009","97.06"
"09/03/2009","95.72"
"09/02/2009","94.93"
"09/01/2009","95.30"
"08/31/2009","97.45"
"08/28/2009","98.32"
"08/27/2009","98.34"
"08/26/2009","98.12"
"08/25/2009","98.11"
"08/24/2009","97.92"
"08/21/2009","97.93"
"08/20/2009","96.05"
"08/19/2009","95.07"
"08/18/2009","94.24"
"08/17/2009","93.50"
"08/14/2009","95.86"
"08/13/2009","96.60"
"08/12/2009","95.87"
"08/11/2009","94.85"
"08/10/2009","96.05"
"08/07/2009","96.25"
"08/06/2009","95.00"
"08/05/2009","95.50"
"08/04/2009","95.77"
"08/03/2009","95.52"
"07/31/2009","93.97"
"07/30/2009","93.84"
"07/29/2009","92.87"
"07/28/2009","93.10"
"07/27/2009","93.54"
"07/24/2009","93.26"
"07/23/2009","92.88"
"07/22/2009","90.87"
"07/21/2009","90.89"
"07/20/2009","90.47"
"07/17/2009","89.52"
"07/16/2009","89.54"
"07/15/2009","88.70"
"07/14/2009","86.18"
"07/13/2009","85.69"
"07/10/2009","83.65"
"07/09/2009","83.85"
"07/08/2009","83.69"
"07/07/2009","83.75"
"07/06/2009","85.40"
"07/02/2009","85.41"
"07/01/2009","87.81"
"06/30/2009","87.45"
"06/29/2009","88.16"
"06/26/2009","87.35"
"06/25/2009","87.57"
"06/24/2009","85.71"
"06/23/2009","84.98"
"06/22/2009","84.91"
"06/19/2009","87.54"
"06/18/2009","87.71"
"06/17/2009","87.07"
"06/16/2009","87.15"
"06/15/2009","88.35"
"06/12/2009","90.43"
"06/11/2009","90.18"
"06/10/2009","89.78"
"06/09/2009","90.01"
"06/08/2009","89.55"
"06/05/2009","89.92"
"06/04/2009","89.90"
"06/03/2009","89.07"
"06/02/2009","90.21"
"06/01/2009","90.13"
"05/29/2009","88.00"
"05/28/2009","86.47"
"05/27/2009","85.28"
"05/26/2009","86.83"
"05/22/2009","84.66"
"05/21/2009","84.84"
"05/20/2009","86.08"
"05/19/2009","86.66"
"05/18/2009","86.76"
"05/15/2009","84.37"
"05/14/2009","85.06"
"05/13/2009","84.34"
"05/12/2009","86.52"
"05/11/2009","86.77"
"05/08/2009","88.43"
"05/07/2009","86.41"
"05/06/2009","87.63"
"05/05/2009","86.14"
"05/04/2009","86.43"
"05/01/2009","83.59"
"04/30/2009","83.14"
"04/29/2009","83.11"
"04/28/2009","81.38"
"04/27/2009","81.64"
"04/24/2009","82.42"
"04/23/2009","81.19"
"04/22/2009","80.40"
"04/21/2009","80.90"
"04/20/2009","79.35"
"04/17/2009","82.82"
"04/16/2009","82.27"
"04/15/2009","81.08"
"04/14/2009","80.22"
"04/13/2009","81.63"
"04/09/2009","81.61"
"04/08/2009","78.49"
"04/07/2009","77.65"
"04/06/2009","79.51"
"04/03/2009","80.14"
"04/02/2009","79.35"
"04/01/2009","77.09"
"03/31/2009","75.63"
"03/30/2009","74.93"
"03/27/2009","77.62"
"03/26/2009","79.04"
"03/25/2009","77.46"
"03/24/2009","76.66"
"03/23/2009","78.20"
"03/20/2009","72.96"
"03/19/2009","75.08"
"03/18/2009","76.02"
"03/17/2009","74.35"
"03/16/2009","72.15"
"03/13/2009","72.37"
"03/12/2009","71.80"
"03/11/2009","69.08"
"03/10/2009","68.64"
"03/09/2009","64.78"
"03/06/2009","65.55"
"03/05/2009","65.43"
"03/04/2009","68.22"
"03/03/2009","66.64"
"03/02/2009","67.14"
"02/27/2009","70.31"
"02/26/2009","71.92"
"02/25/2009","73.11"
"02/24/2009","73.69"
"02/23/2009","71.00"
"02/20/2009","73.63"
"02/19/2009","74.35"
"02/18/2009","75.16"
"02/17/2009","75.34"
"02/13/2009","78.71"
"02/12/2009","79.57"
"02/11/2009","79.51"
"02/10/2009","79.04"
"02/09/2009","82.84"
"02/06/2009","82.72"
"02/05/2009","80.43"
"02/04/2009","79.25"
"02/03/2009","79.64"
"02/02/2009","78.54"
"01/30/2009","78.78"
"01/29/2009","80.41"
"01/28/2009","83.11"
"01/27/2009","80.39"
"01/26/2009","79.58"
"01/23/2009","79.04"
"01/22/2009","78.70"
"01/21/2009","79.94"
"01/20/2009","76.63"
"01/16/2009","80.90"
"01/15/2009","80.27"
"01/14/2009","80.24"
"01/13/2009","82.85"
"01/12/2009","82.69"
"01/09/2009","84.73"
"01/08/2009","86.58"
"01/07/2009","86.23"
"01/06/2009","88.90"
"01/05/2009","88.31"
"01/02/2009","88.41"
"12/31/2008","85.82"
"12/30/2008","84.62"
"12/29/2008","82.66"
"12/26/2008","82.89"
"12/24/2008","82.42"
"12/23/2008","81.94"
"12/22/2008","82.80"
"12/19/2008","83.87"
"12/18/2008","84.92"
"12/17/2008","86.54"
"12/16/2008","87.38"
"12/15/2008","83.46"
"12/12/2008","84.63"
"12/11/2008","83.64"
"12/10/2008","85.70"
"12/09/2008","85.12"
"12/08/2008","86.55"
"12/05/2008","83.63"
"12/04/2008","81.13"
"12/03/2008","83.05"
"12/02/2008","81.10"
"12/01/2008","78.09"
"11/28/2008","85.68"
"11/26/2008","84.62"
"11/25/2008","81.47"
"11/24/2008","80.87"
"11/21/2008","75.63"
"11/20/2008","71.76"
"11/19/2008","77.51"
"11/18/2008","82.82"
"11/17/2008","81.29"
"11/14/2008","82.38"
"11/13/2008","86.71"
"11/12/2008","81.62"
"11/11/2008","85.38"
"11/10/2008","88.10"
"11/07/2008","89.27"
"11/06/2008","86.41"
"11/05/2008","91.48"
"11/04/2008","95.50"
"11/03/2008","92.36"
"10/31/2008","92.09"
"10/30/2008","91.59"
"10/29/2008","88.52"
"10/28/2008","89.17"
"10/27/2008","79.84"
"10/24/2008","82.78"
"10/23/2008","87.20"
"10/22/2008","86.20"
"10/21/2008","91.17"
"10/20/2008","93.97"
"10/17/2008","88.65"
"10/16/2008","89.18"
"10/15/2008","85.61"
"10/14/2008","94.96"
"10/13/2008","96.39"
"10/10/2008","84.17"
"10/09/2008","86.26"
"10/08/2008","92.74"
"10/07/2008","95.13"
"10/06/2008","99.59"
"10/03/2008","104.94"
"10/02/2008","106.38"
"10/01/2008","110.38"
"09/30/2008","110.31"
"09/29/2008","105.93"
"09/26/2008","114.94"
"09/25/2008","114.88"
"09/24/2008","113.11"
"09/23/2008","112.75"
"09/22/2008","115.37"
"09/19/2008","118.05"
"09/18/2008","114.19"
"09/17/2008","110.90"
"09/16/2008","116.12"
"09/15/2008","114.21"
"09/12/2008","119.92"
"09/11/2008","119.37"
"09/10/2008","117.66"
"09/09/2008","117.19"
"09/08/2008","120.77"
"09/05/2008","118.33"
"09/04/2008","117.96"
"09/03/2008","121.62"
"09/02/2008","121.73"
"08/29/2008","122.49"
"08/28/2008","123.82"
"08/27/2008","122.33"
"08/26/2008","121.16"
"08/25/2008","120.80"
"08/22/2008","123.30"
"08/21/2008","121.55"
"08/20/2008","121.34"
"08/19/2008","120.77"
"08/18/2008","122.11"
"08/15/2008","123.80"
"08/14/2008","123.20"
"08/13/2008","122.28"
"08/12/2008","123.02"
"08/11/2008","124.31"
"08/08/2008","123.04"
"08/07/2008","120.79"
"08/06/2008","122.62"
"08/05/2008","122.08"
"08/04/2008","118.87"
"08/01/2008","119.99"
"07/31/2008","120.62"
"07/30/2008","122.24"
"07/29/2008","120.10"
"07/28/2008","117.59"
"07/25/2008","119.34"
"07/24/2008","119.37"
"07/23/2008","121.90"
"07/22/2008","121.24"
"07/21/2008","119.88"
"07/18/2008","119.81"
"07/17/2008","119.07"
"07/16/2008","117.89"
"07/15/2008","115.07"
"07/14/2008","116.71"
"07/11/2008","117.78"
"07/10/2008","119.17"
"07/09/2008","118.68"
"07/08/2008","121.01"
"07/07/2008","118.90"
"07/03/2008","120.13"
"07/02/2008","120.00"
"07/01/2008","122.10"
"06/30/2008","121.72"
"06/27/2008","121.29"
"06/26/2008","121.95"
"06/25/2008","125.36"
"06/24/2008","124.77"
"06/23/2008","125.02"
"06/20/2008","125.14"
"06/19/2008","127.84"
"06/18/2008","127.68"
"06/17/2008","128.93"
"06/16/2008","129.56"
"06/13/2008","129.49"
"06/12/2008","127.87"
"06/11/2008","127.38"
"06/10/2008","129.29"
"06/09/2008","129.93"
"06/06/2008","129.62"
"06/05/2008","133.89"
"06/04/2008","131.26"
"06/03/2008","131.33"
"06/02/2008","132.10"
"05/30/2008","133.48"
"05/29/2008","133.15"
"05/28/2008","132.48"
"05/27/2008","131.87"
"05/23/2008","130.90"
"05/22/2008","132.68"
"05/21/2008","132.66"
"05/20/2008","134.95"
"05/19/2008","136.05"
"05/16/2008","135.68"
"05/15/2008","135.55"
"05/14/2008","133.88"
"05/13/2008","133.60"
"05/12/2008","133.59"
"05/09/2008","132.10"
"05/08/2008","132.35"
"05/07/2008","132.69"
"05/06/2008","135.10"
"05/05/2008","133.94"
"05/02/2008","134.58"
"05/01/2008","134.21"
"04/30/2008","131.49"
"04/29/2008","132.27"
"04/28/2008","132.80"
"04/25/2008","132.77"
"04/24/2008","131.55"
"04/23/2008","130.98"
"04/22/2008","131.19"
"04/21/2008","131.77"
"04/18/2008","131.70"
"04/17/2008","130.34"
"04/16/2008","130.15"
"04/15/2008","126.72"
"04/14/2008","126.42"
"04/11/2008","126.85"
"04/10/2008","129.36"
"04/09/2008","129.18"
"04/08/2008","130.12"
"04/07/2008","130.26"
"04/04/2008","130.19"
"04/03/2008","130.33"
"04/02/2008","130.01"
"04/01/2008","129.92"
"03/31/2008","125.51"
"03/28/2008","125.07"
"03/27/2008","126.28"
"03/26/2008","126.68"
"03/25/2008","128.25"
"03/24/2008","128.13"
"03/20/2008","125.62"
"03/19/2008","123.94"
"03/18/2008","127.09"
"03/17/2008","122.02"
"03/14/2008","123.27"
"03/13/2008","125.21"
"03/12/2008","124.93"
"03/11/2008","126.11"
"03/10/2008","121.74"
"03/07/2008","123.36"
"03/06/2008","124.65"
"03/05/2008","127.28"
"03/04/2008","126.48"
"03/03/2008","126.97"
"02/29/2008","127.27"
"02/28/2008","130.17"
"02/27/2008","131.46"
"02/26/2008","131.59"
"02/25/2008","130.61"
"02/22/2008","128.98"
"02/21/2008","128.19"
"02/20/2008","129.27"
"02/19/2008","128.89"
"02/15/2008","128.53"
"02/14/2008","128.55"
"02/13/2008","129.70"
"02/12/2008","128.38"
"02/11/2008","127.20"
"02/08/2008","126.56"
"02/07/2008","127.37"
"02/06/2008","126.54"
"02/05/2008","127.57"
"02/04/2008","131.07"
"02/01/2008","132.75"
"01/31/2008","130.65"
"01/30/2008","128.31"
"01/29/2008","129.26"
"01/28/2008","128.62"
"01/25/2008","126.53"
"01/24/2008","128.38"
"01/23/2008","127.31"
"01/22/2008","124.32"
"01/18/2008","125.60"
"01/17/2008","126.90"
"01/16/2008","130.28"
"01/15/2008","131.41"
"01/14/2008","134.37"
"01/11/2008","133.29"
"01/10/2008","134.37"
"01/09/2008","133.50"
"01/08/2008","132.11"
"01/07/2008","134.28"
"01/04/2008","134.39"
"01/03/2008","137.77"
"01/02/2008","137.84"
"12/31/2007","139.05"
"12/28/2007","140.09"
"12/27/2007","140.44"
"12/26/2007","142.23"
"12/24/2007","141.93"
"12/21/2007","140.88"
"12/20/2007","139.62"
"12/19/2007","138.74"
"12/18/2007","138.74"
"12/17/2007","137.97"
"12/14/2007","139.97"
"12/13/2007","141.76"
"12/12/2007","142.06"
"12/11/2007","140.67"
"12/10/2007","144.64"
"12/07/2007","143.52"
"12/06/2007","143.55"
"12/05/2007","141.53"
"12/04/2007","139.20"
"12/03/2007","140.45"
"11/30/2007","141.38"
"11/29/2007","139.98"
"11/28/2007","139.93"
"11/27/2007","135.59"
"11/26/2007","134.05"
"11/23/2007","137.08"
"11/21/2007","134.75"
"11/20/2007","137.56"
"11/19/2007","136.72"
"11/16/2007","138.65"
"11/15/2007","138.42"
"11/14/2007","140.44"
"11/13/2007","140.83"
"11/12/2007","136.67"
"11/09/2007","138.04"
"11/08/2007","139.96"
"11/07/2007","140.67"
"11/06/2007","144.63"
"11/05/2007","142.71"
"11/02/2007","143.80"
"11/01/2007","143.64"
"10/31/2007","147.08"
"10/30/2007","145.57"
"10/29/2007","146.59"
"10/26/2007","146.10"
"10/25/2007","144.41"
"10/24/2007","144.07"
"10/23/2007","144.33"
"10/22/2007","143.17"
"10/19/2007","142.34"
"10/18/2007","146.17"
"10/17/2007","146.70"
"10/16/2007","146.25"
"10/15/2007","147.42"
"10/12/2007","148.68"
"10/11/2007","147.86"
"10/10/2007","148.57"
"10/09/2007","148.82"
"10/08/2007","147.43"
"10/05/2007","148.22"
"10/04/2007","146.48"
"10/03/2007","146.25"
"10/02/2007","146.55"
"10/01/2007","146.75"
"09/28/2007","145.11"
"09/27/2007","145.60"
"09/26/2007","144.74"
"09/25/2007","143.98"
"09/24/2007","144.27"
"09/21/2007","144.53"
"09/20/2007","144.83"
"09/19/2007","145.85"
"09/18/2007","145.00"
"09/17/2007","140.85"
"09/14/2007","141.61"
"09/13/2007","141.62"
"09/12/2007","140.63"
"09/11/2007","140.27"
"09/10/2007","138.65"
"09/07/2007","138.92"
"09/06/2007","140.88"
"09/05/2007","140.56"
"09/04/2007","141.78"
"08/31/2007","140.37"
"08/30/2007","139.00"
"08/29/2007","139.37"
"08/28/2007","136.69"
"08/27/2007","139.76"
"08/24/2007","141.07"
"08/23/2007","139.35"
"08/22/2007","139.47"
"08/21/2007","137.84"
"08/20/2007","137.56"
"08/17/2007","137.63"
"08/16/2007","135.15"
"08/15/2007","134.14"
"08/14/2007","136.01"
"08/13/2007","138.12"
"08/10/2007","137.63"
"08/09/2007","138.27"
"08/08/2007","142.50"
"08/07/2007","140.54"
"08/06/2007","139.05"
"08/03/2007","136.76"
"08/02/2007","140.38"
"08/01/2007","139.26"
"07/31/2007","138.59"
"07/30/2007","140.17"
"07/27/2007","138.01"
"07/26/2007","140.78"
"07/25/2007","144.19"
"07/24/2007","143.89"
"07/23/2007","146.43"
"07/20/2007","145.99"
"07/19/2007","147.48"
"07/18/2007","146.91"
"07/17/2007","147.18"
"07/16/2007","147.25"
"07/13/2007","147.27"
"07/12/2007","146.83"
"07/11/2007","144.55"
"07/10/2007","143.53"
"07/09/2007","145.51"
"07/06/2007","145.49"
"07/05/2007","144.73"
"07/03/2007","144.88"
"07/02/2007","144.36"
"06/29/2007","143.07"
"06/28/2007","143.02"
"06/27/2007","143.04"
"06/26/2007","141.03"
"06/25/2007","142.50"
"06/22/2007","143.18"
"06/21/2007","144.54"
"06/20/2007","143.74"
"06/19/2007","145.77"
"06/18/2007","145.41"
"06/15/2007","145.58"
"06/14/2007","145.38"
"06/13/2007","144.46"
"06/12/2007","142.33"
"06/11/2007","143.89"
"06/08/2007","143.65"
"06/07/2007","141.80"
"06/06/2007","144.41"
"06/05/2007","145.98"
"06/04/2007","146.56"
"06/01/2007","146.54"
"05/31/2007","145.82"
"05/30/2007","145.97"
"05/29/2007","144.79"
"05/25/2007","144.27"
"05/24/2007","143.67"
"05/23/2007","144.98"
"05/22/2007","144.96"
"05/21/2007","145.07"
"05/18/2007","145.15"
"05/17/2007","143.89"
"05/16/2007","144.18"
"05/15/2007","143.20"
"05/14/2007","143.16"
"05/11/2007","143.48"
"05/10/2007","142.26"
"05/09/2007","143.76"
"05/08/2007","143.37"
"05/07/2007","143.56"
"05/04/2007","143.53"
"05/03/2007","142.99"
"05/02/2007","142.22"
"05/01/2007","141.39"
"04/30/2007","141.03"
"04/27/2007","142.21"
"04/26/2007","142.33"
"04/25/2007","142.16"
"04/24/2007","140.87"
"04/23/2007","140.81"
"04/20/2007","141.35"
"04/19/2007","140.02"
"04/18/2007","140.06"
"04/17/2007","139.89"
"04/16/2007","139.52"
"04/13/2007","138.21"
"04/12/2007","137.58"
"04/11/2007","136.97"
"04/10/2007","137.53"
"04/09/2007","137.37"
"04/05/2007","137.18"
"04/04/2007","136.81"
"04/03/2007","136.66"
"04/02/2007","135.20"
"03/30/2007","135.05"
"03/29/2007","135.02"
"03/28/2007","134.88"
"03/27/2007","135.87"
"03/26/2007","136.19"
"03/23/2007","136.37"
"03/22/2007","136.17"
"03/21/2007","136.28"
"03/20/2007","134.07"
"03/19/2007","133.34"
"03/16/2007","131.75"
"03/15/2007","132.64"
"03/14/2007","132.46"
"03/13/2007","131.48"
"03/12/2007","134.09"
"03/09/2007","133.89"
"03/08/2007","133.85"
"03/07/2007","132.73"
"03/06/2007","132.86"
"03/05/2007","130.63"
"03/02/2007","131.88"
"03/01/2007","133.63"
"02/28/2007","134.03"
"02/27/2007","132.67"
"02/26/2007","138.06"
"02/23/2007","138.19"
"02/22/2007","138.73"
"02/21/2007","138.84"
"02/20/2007","138.89"
"02/16/2007","138.60"
"02/15/2007","138.66"
"02/14/2007","138.48"
"02/13/2007","137.58"
"02/12/2007","136.43"
"02/09/2007","136.90"
"02/08/2007","137.92"
"02/07/2007","138.10"
"02/06/2007","137.80"
"02/05/2007","137.76"
"02/02/2007","137.72"
"02/01/2007","137.53"
"01/31/2007","136.71"
"01/30/2007","135.80"
"01/29/2007","135.10"
"01/26/2007","135.20"
"01/25/2007","135.30"
"01/24/2007","136.90"
"01/23/2007","135.81"
"01/22/2007","135.41"
"01/19/2007","135.83"
"01/18/2007","135.56"
"01/17/2007","136.02"
"01/16/2007","135.96"
"01/12/2007","136.23"
"01/11/2007","135.20"
"01/10/2007","134.61"
"01/09/2007","134.17"
"01/08/2007","134.28"
"01/05/2007","133.66"
"01/04/2007","134.74"
"01/03/2007","134.45"
"12/29/2006","134.69"
"12/28/2006","135.25"
"12/27/2006","135.54"
"12/26/2006","134.65"
"12/22/2006","133.86"
"12/21/2006","134.69"
"12/20/2006","135.18"
"12/19/2006","135.26"
"12/18/2006","135.00"
"12/15/2006","135.37"
"12/14/2006","136.12"
"12/13/2006","134.93"
"12/12/2006","134.78"
"12/11/2006","134.89"
"12/08/2006","134.50"
"12/07/2006","134.25"
"12/06/2006","134.84"
"12/05/2006","134.96"
"12/04/2006","134.37"
"12/01/2006","133.36"
"11/30/2006","133.65"
"11/29/2006","133.60"
"11/28/2006","132.22"
"11/27/2006","131.65"
"11/24/2006","133.48"
"11/22/2006","134.02"
"11/21/2006","133.76"
"11/20/2006","133.62"
"11/17/2006","133.55"
"11/16/2006","133.51"
"11/15/2006","133.17"
"11/14/2006","132.79"
"11/13/2006","131.80"
"11/10/2006","131.47"
"11/09/2006","131.42"
"11/08/2006","132.11"
"11/07/2006","131.83"
"11/06/2006","131.32"
"11/03/2006","129.86"
"11/02/2006","130.09"
"11/01/2006","130.16"
"10/31/2006","131.05"
"10/30/2006","131.07"
"10/27/2006","131.16"
"10/26/2006","131.99"
"10/25/2006","131.58"
"10/24/2006","131.13"
"10/23/2006","130.74"
"10/20/2006","130.14"
"10/19/2006","130.11"
"10/18/2006","129.90"
"10/17/2006","129.73"
"10/16/2006","130.14"
"10/13/2006","129.94"
"10/12/2006","129.61"
"10/11/2006","128.50"
"10/10/2006","128.65"
"10/09/2006","128.48"
"10/06/2006","128.40"
"10/05/2006","128.56"
"10/04/2006","128.32"
"10/03/2006","126.83"
"10/02/2006","126.57"
"09/29/2006","127.04"
"09/28/2006","127.15"
"09/27/2006","127.19"
"09/26/2006","127.04"
"09/25/2006","126.00"
"09/22/2006","125.04"
"09/21/2006","125.42"
"09/20/2006","126.02"
"09/19/2006","125.36"
"09/18/2006","125.67"
"09/15/2006","125.50"
"09/14/2006","125.76"
"09/13/2006","125.75"
"09/12/2006","125.24"
"09/11/2006","124.03"
"09/08/2006","123.90"
"09/07/2006","123.55"
"09/06/2006","124.12"
"09/05/2006","125.23"
"09/01/2006","124.99"
"08/31/2006","124.25"
"08/30/2006","124.27"
"08/29/2006","124.19"
"08/28/2006","124.05"
"08/25/2006","123.46"
"08/24/2006","123.30"
"08/23/2006","123.41"
"08/22/2006","123.75"
"08/21/2006","123.76"
"08/18/2006","124.29"
"08/17/2006","123.67"
"08/16/2006","123.44"
"08/15/2006","122.33"
"08/14/2006","120.89"
"08/11/2006","120.79"
"08/10/2006","121.14"
"08/09/2006","120.77"
"08/08/2006","121.17"
"08/07/2006","121.69"
"08/04/2006","121.93"
"08/03/2006","122.13"
"08/02/2006","121.81"
"08/01/2006","120.99"
"07/31/2006","121.59"
"07/28/2006","121.72"
"07/27/2006","120.51"
"07/26/2006","120.62"
"07/25/2006","120.46"
"07/24/2006","120.03"
"07/21/2006","117.88"
"07/20/2006","118.72"
"07/19/2006","119.54"
"07/18/2006","117.90"
"07/17/2006","117.30"
"07/14/2006","117.47"
"07/13/2006","117.93"
"07/12/2006","119.88"
"07/11/2006","121.17"
"07/10/2006","120.64"
"07/07/2006","120.41"
"07/06/2006","121.20"
"07/05/2006","120.85"
"07/03/2006","121.55"
"06/30/2006","121.00"
"06/29/2006","121.04"
"06/28/2006","118.64"
"06/27/2006","117.85"
"06/26/2006","118.87"
"06/23/2006","118.35"
"06/22/2006","118.37"
"06/21/2006","118.89"
"06/20/2006","118.02"
"06/19/2006","117.62"
"06/16/2006","118.55"
"06/15/2006","119.95"
"06/14/2006","117.46"
"06/13/2006","116.55"
"06/12/2006","117.92"
"06/09/2006","119.22"
"06/08/2006","119.60"
"06/07/2006","119.70"
"06/06/2006","120.60"
"06/05/2006","120.90"
"06/02/2006","122.69"
"06/01/2006","122.43"
"05/31/2006","121.27"
"05/30/2006","119.93"
"05/26/2006","122.10"
"05/25/2006","121.48"
"05/24/2006","119.99"
"05/23/2006","119.04"
"05/22/2006","119.96"
"05/19/2006","120.88"
"05/18/2006","120.03"
"05/17/2006","120.64"
"05/16/2006","122.98"
"05/15/2006","123.16"
"05/12/2006","122.91"
"05/11/2006","124.54"
"05/10/2006","126.06"
"05/09/2006","126.13"
"05/08/2006","125.88"
"05/05/2006","126.03"
"05/04/2006","124.93"
"05/03/2006","124.48"
"05/02/2006","124.95"
"05/01/2006","124.02"
"04/28/2006","125.04"
"04/27/2006","124.62"
"04/26/2006","124.02"
"04/25/2006","123.99"
"04/24/2006","124.50"
"04/21/2006","124.73"
"04/20/2006","124.71"
"04/19/2006","124.54"
"04/18/2006","124.30"
"04/17/2006","122.36"
"04/13/2006","122.41"
"04/12/2006","122.57"
"04/11/2006","122.34"
"04/10/2006","123.39"
"04/07/2006","123.20"
"04/06/2006","124.46"
"04/05/2006","124.60"
"04/04/2006","124.17"
"04/03/2006","123.38"
"03/31/2006","123.48"
"03/30/2006","123.45"
"03/29/2006","123.67"
"03/28/2006","122.90"
"03/27/2006","123.66"
"03/24/2006","123.84"
"03/23/2006","123.74"
"03/22/2006","124.00"
"03/21/2006","123.25"
"03/20/2006","124.03"
"03/17/2006","124.23"
"03/16/2006","124.62"
"03/15/2006","124.36"
"03/14/2006","123.81"
"03/13/2006","122.52"
"03/10/2006","122.30"
"03/09/2006","121.15"
"03/08/2006","121.96"
"03/07/2006","121.71"
"03/06/2006","121.90"
"03/03/2006","122.46"
"03/02/2006","123.03"
"03/01/2006","123.04"
"02/28/2006","121.95"
"02/27/2006","123.12"
"02/24/2006","123.08"
"02/23/2006","122.76"
"02/22/2006","122.94"
"02/21/2006","122.20"
"02/17/2006","122.51"
"02/16/2006","122.84"
"02/15/2006","121.93"
"02/14/2006","121.50"
"02/13/2006","120.22"
"02/10/2006","120.44"
"02/09/2006","120.22"
"02/08/2006","120.42"
"02/07/2006","119.34"
"02/06/2006","120.40"
"02/03/2006","120.09"
"02/02/2006","120.69"
"02/01/2006","122.11"
"01/31/2006","121.26"
"01/30/2006","122.15"
"01/27/2006","122.25"
"01/26/2006","121.13"
"01/25/2006","120.46"
"01/24/2006","120.36"
"01/23/2006","120.23"
"01/20/2006","119.80"
"01/19/2006","122.03"
"01/18/2006","121.56"
"01/17/2006","122.05"
"01/13/2006","122.38"
"01/12/2006","122.50"
"01/11/2006","122.98"
"01/10/2006","122.59"
"01/09/2006","122.47"
"01/06/2006","122.15"
"01/05/2006","121.15"
"01/04/2006","121.07"
"01/03/2006","120.50"
"12/30/2005","118.42"
"12/29/2005","119.06"
"12/28/2005","119.60"
"12/27/2005","119.33"
"12/23/2005","120.56"
"12/22/2005","120.49"
"12/21/2005","119.86"
"12/20/2005","119.67"
"12/19/2005","119.56"
"12/16/2005","120.18"
"12/15/2005","121.20"
"12/14/2005","121.55"
"12/13/2005","121.08"
"12/12/2005","120.26"
"12/09/2005","120.15"
"12/08/2005","119.83"
"12/07/2005","119.91"
"12/06/2005","120.61"
"12/05/2005","120.38"
"12/02/2005","120.64"
"12/01/2005","120.49"
"11/30/2005","119.27"
"11/29/2005","119.92"
"11/28/2005","120.05"
"11/25/2005","120.91"
"11/23/2005","120.81"
"11/22/2005","120.12"
"11/21/2005","119.60"
"11/18/2005","119.01"
"11/17/2005","118.54"
"11/16/2005","117.45"
"11/15/2005","117.21"
"11/14/2005","117.64"
"11/11/2005","117.70"
"11/10/2005","117.30"
"11/09/2005","116.40"
"11/08/2005","116.25"
"11/07/2005","116.25"
"11/04/2005","116.13"
"11/03/2005","116.29"
"11/02/2005","115.79"
"11/01/2005","114.59"
"10/31/2005","114.25"
"10/28/2005","113.94"
"10/27/2005","112.32"
"10/26/2005","113.53"
"10/25/2005","113.86"
"10/24/2005","114.09"
"10/21/2005","112.35"
"10/20/2005","111.91"
"10/19/2005","113.92"
"10/18/2005","112.05"
"10/17/2005","113.28"
"10/14/2005","112.86"
"10/13/2005","111.68"
"10/12/2005","111.75"
"10/11/2005","112.63"
"10/10/2005","112.80"
"10/07/2005","113.76"
"10/06/2005","113.37"
"10/05/2005","113.77"
"10/04/2005","115.29"
"10/03/2005","116.60"
"09/30/2005","117.02"
"09/29/2005","116.66"
"09/28/2005","115.72"
"09/27/2005","115.60"
"09/26/2005","115.63"
"09/23/2005","115.50"
"09/22/2005","115.40"
"09/21/2005","114.99"
"09/20/2005","116.08"
"09/19/2005","117.07"
"09/16/2005","117.46"
"09/15/2005","117.12"
"09/14/2005","117.18"
"09/13/2005","117.61"
"09/12/2005","118.26"
"09/09/2005","118.50"
"09/08/2005","117.46"
"09/07/2005","117.85"
"09/06/2005","117.65"
"09/02/2005","116.29"
"09/01/2005","116.50"
"08/31/2005","116.58"
"08/30/2005","115.13"
"08/29/2005","115.73"
"08/26/2005","114.85"
"08/25/2005","115.64"
"08/24/2005","115.22"
"08/23/2005","116.26"
"08/22/2005","116.48"
"08/19/2005","116.48"
"08/18/2005","116.21"
"08/17/2005","116.22"
"08/16/2005","116.23"
"08/15/2005","117.76"
"08/12/2005","117.04"
"08/11/2005","117.76"
"08/10/2005","117.29"
"08/09/2005","117.35"
"08/08/2005","116.65"
"08/05/2005","116.87"
"08/04/2005","117.66"
"08/03/2005","118.62"
"08/02/2005","118.30"
"08/01/2005","117.60"
"07/29/2005","117.68"
"07/28/2005","118.47"
"07/27/2005","117.73"
"07/26/2005","117.30"
"07/25/2005","117.16"
"07/22/2005","117.49"
"07/21/2005","116.71"
"07/20/2005","117.40"
"07/19/2005","117.00"
"07/18/2005","116.36"
"07/15/2005","116.83"
"07/14/2005","116.89"
"07/13/2005","116.44"
"07/12/2005","116.28"
"07/11/2005","115.97"
"07/08/2005","115.38"
"07/07/2005","114.08"
"07/06/2005","113.63"
"07/05/2005","114.59"
"07/01/2005","113.68"
"06/30/2005","113.35"
"06/29/2005","113.97"
"06/28/2005","114.27"
"06/27/2005","113.32"
"06/24/2005","113.16"
"06/23/2005","113.99"
"06/22/2005","115.62"
"06/21/2005","115.52"
"06/20/2005","115.46"
"06/17/2005","115.42"
"06/16/2005","115.46"
"06/15/2005","115.16"
"06/14/2005","114.94"
"06/13/2005","114.68"
"06/10/2005","114.32"
"06/09/2005","114.58"
"06/08/2005","114.04"
"06/07/2005","114.25"
"06/06/2005","114.16"
"06/03/2005","114.27"
"06/02/2005","114.85"
"06/01/2005","114.60"
"05/31/2005","113.63"
"05/27/2005","114.36"
"05/26/2005","114.17"
"05/25/2005","113.57"
"05/24/2005","113.65"
"05/23/2005","113.92"
"05/20/2005","113.29"
"05/19/2005","113.45"
"05/18/2005","112.98"
"05/17/2005","111.83"
"05/16/2005","111.08"
"05/13/2005","110.06"
"05/12/2005","110.27"
"05/11/2005","111.50"
"05/10/2005","110.89"
"05/09/2005","112.05"
"05/06/2005","111.36"
"05/05/2005","111.71"
"05/04/2005","111.75"
"05/03/2005","110.89"
"05/02/2005","110.70"
"04/29/2005","110.08"
"04/28/2005","108.61"
"04/27/2005","109.99"
"04/26/2005","109.56"
"04/25/2005","110.64"
"04/22/2005","109.91"
"04/21/2005","110.33"
"04/20/2005","108.23"
"04/19/2005","109.76"
"04/18/2005","108.90"
"04/15/2005","108.56"
"04/14/2005","110.10"
"04/13/2005","111.56"
"04/12/2005","112.89"
"04/11/2005","112.31"
"04/08/2005","112.22"
"04/07/2005","113.40"
"04/06/2005","112.80"
"04/05/2005","112.41"
"04/04/2005","111.87"
"04/01/2005","111.68"
"03/31/2005","112.19"
"03/30/2005","112.40"
"03/29/2005","110.83"
"03/28/2005","111.57"
"03/24/2005","111.41"
"03/23/2005","111.27"
"03/22/2005","111.18"
"03/21/2005","112.32"
"03/18/2005","112.74"
"03/17/2005","113.52"
"03/16/2005","113.29"
"03/15/2005","114.26"
"03/14/2005","115.21"
"03/11/2005","114.50"
"03/10/2005","115.31"
"03/09/2005","115.05"
"03/08/2005","116.34"
"03/07/2005","116.78"
"03/04/2005","116.72"
"03/03/2005","115.29"
"03/02/2005","115.24"
"03/01/2005","115.30"
"02/28/2005","114.73"
"02/25/2005","115.49"